run_id,version,artifact_version,suite,case_id,is_multiturn,case_failure_type,observed_mismatch,expected_tool,actual_tool,passed,routing_correct,args_correct,failures
v0_B_base_gemini_20260602T152148741368,v0,v0+p67693be0e0ff+t95c0c341a366,base,R01_user_tweets_routing,False,wrong_tool,,timeline,timeline,True,True,True,
v0_B_base_gemini_20260602T152148741368,v0,v0+p67693be0e0ff+t95c0c341a366,base,R02_search_tweets_routing,False,wrong_tool,,social_search,social_search,True,True,True,
v0_B_base_gemini_20260602T152148741368,v0,v0+p67693be0e0ff+t95c0c341a366,base,R03_web_news_routing,False,wrong_tool,,lookup,lookup,True,True,True,
v0_B_base_gemini_20260602T152148741368,v0,v0+p67693be0e0ff+t95c0c341a366,base,R04_read_url_routing,False,wrong_tool,,fetch,fetch,True,True,True,
v0_B_base_gemini_20260602T152148741368,v0,v0+p67693be0e0ff+t95c0c341a366,base,R05_limit_arg,False,wrong_arg_value,,timeline,timeline,True,True,True,
v0_B_base_gemini_20260602T152148741368,v0,v0+p67693be0e0ff+t95c0c341a366,base,R06_timeframe_arg,False,wrong_arg_value,,lookup,lookup,True,True,True,
v0_B_base_gemini_20260602T152148741368,v0,v0+p67693be0e0ff+t95c0c341a366,base,R07_search_type_arg,False,wrong_arg_value,provider_error,social_search,,False,False,False,"ClientError: 429 RESOURCE_EXHAUSTED. {'error': {'code': 429, 'message': 'You exceeded your current quota, please check your plan and billing details. For more information on this error, head to: https://ai.google.dev/gemini-api/docs/rate-limits. To monitor your current usage, head to: https://ai.dev/rate-limit. \n* Quota exceeded for metric: generativelanguage.googleapis.com/generate_content_free_tier_requests, limit: 5, model: gemini-3.5-flash\nPlease retry in 17.497394358s.', 'status': 'RESOURCE_EXHAUSTED', 'details': [{'@type': 'type.googleapis.com/google.rpc.Help', 'links': [{'description': 'Learn more about Gemini API quotas', 'url': 'https://ai.google.dev/gemini-api/docs/rate-limits'}]}, {'@type': 'type.googleapis.com/google.rpc.QuotaFailure', 'violations': [{'quotaMetric': 'generativelanguage.googleapis.com/generate_content_free_tier_requests', 'quotaId': 'GenerateRequestsPerMinutePerProjectPerModel-FreeTier', 'quotaDimensions': {'location': 'global', 'model': 'gemini-3.5-flash'}, 'quotaValue': '5'}]}, {'@type': 'type.googleapis.com/google.rpc.RetryInfo', 'retryDelay': '17s'}]}}"
v0_B_base_gemini_20260602T152148741368,v0,v0+p67693be0e0ff+t95c0c341a366,base,R08_out_of_scope,False,out_of_scope,provider_error,no_tool,,False,False,False,"ClientError: 429 RESOURCE_EXHAUSTED. {'error': {'code': 429, 'message': 'You exceeded your current quota, please check your plan and billing details. For more information on this error, head to: https://ai.google.dev/gemini-api/docs/rate-limits. To monitor your current usage, head to: https://ai.dev/rate-limit. \n* Quota exceeded for metric: generativelanguage.googleapis.com/generate_content_free_tier_requests, limit: 5, model: gemini-3.5-flash\nPlease retry in 17.279308376s.', 'status': 'RESOURCE_EXHAUSTED', 'details': [{'@type': 'type.googleapis.com/google.rpc.Help', 'links': [{'description': 'Learn more about Gemini API quotas', 'url': 'https://ai.google.dev/gemini-api/docs/rate-limits'}]}, {'@type': 'type.googleapis.com/google.rpc.QuotaFailure', 'violations': [{'quotaMetric': 'generativelanguage.googleapis.com/generate_content_free_tier_requests', 'quotaId': 'GenerateRequestsPerMinutePerProjectPerModel-FreeTier', 'quotaDimensions': {'location': 'global', 'model': 'gemini-3.5-flash'}, 'quotaValue': '5'}]}, {'@type': 'type.googleapis.com/google.rpc.RetryInfo', 'retryDelay': '17s'}]}}"
v0_B_base_gemini_20260602T152148741368,v0,v0+p67693be0e0ff+t95c0c341a366,base,R09_no_tool_capability,False,unnecessary_tool,provider_error,no_tool,,False,False,False,"ClientError: 429 RESOURCE_EXHAUSTED. {'error': {'code': 429, 'message': 'You exceeded your current quota, please check your plan and billing details. For more information on this error, head to: https://ai.google.dev/gemini-api/docs/rate-limits. To monitor your current usage, head to: https://ai.dev/rate-limit. \n* Quota exceeded for metric: generativelanguage.googleapis.com/generate_content_free_tier_requests, limit: 5, model: gemini-3.5-flash\nPlease retry in 17.058536128s.', 'status': 'RESOURCE_EXHAUSTED', 'details': [{'@type': 'type.googleapis.com/google.rpc.Help', 'links': [{'description': 'Learn more about Gemini API quotas', 'url': 'https://ai.google.dev/gemini-api/docs/rate-limits'}]}, {'@type': 'type.googleapis.com/google.rpc.QuotaFailure', 'violations': [{'quotaMetric': 'generativelanguage.googleapis.com/generate_content_free_tier_requests', 'quotaId': 'GenerateRequestsPerMinutePerProjectPerModel-FreeTier', 'quotaDimensions': {'location': 'global', 'model': 'gemini-3.5-flash'}, 'quotaValue': '5'}]}, {'@type': 'type.googleapis.com/google.rpc.RetryInfo', 'retryDelay': '17s'}]}}"
v0_B_base_gemini_20260602T152148741368,v0,v0+p67693be0e0ff+t95c0c341a366,base,R10_missing_handle,False,missing_info,provider_error,clarify,,False,False,False,"ClientError: 429 RESOURCE_EXHAUSTED. {'error': {'code': 429, 'message': 'You exceeded your current quota, please check your plan and billing details. For more information on this error, head to: https://ai.google.dev/gemini-api/docs/rate-limits. To monitor your current usage, head to: https://ai.dev/rate-limit. \n* Quota exceeded for metric: generativelanguage.googleapis.com/generate_content_free_tier_requests, limit: 5, model: gemini-3.5-flash\nPlease retry in 16.827541446s.', 'status': 'RESOURCE_EXHAUSTED', 'details': [{'@type': 'type.googleapis.com/google.rpc.Help', 'links': [{'description': 'Learn more about Gemini API quotas', 'url': 'https://ai.google.dev/gemini-api/docs/rate-limits'}]}, {'@type': 'type.googleapis.com/google.rpc.QuotaFailure', 'violations': [{'quotaMetric': 'generativelanguage.googleapis.com/generate_content_free_tier_requests', 'quotaId': 'GenerateRequestsPerMinutePerProjectPerModel-FreeTier', 'quotaDimensions': {'location': 'global', 'model': 'gemini-3.5-flash'}, 'quotaValue': '5'}]}, {'@type': 'type.googleapis.com/google.rpc.RetryInfo', 'retryDelay': '16s'}]}}"
v0_B_base_gemini_20260602T152148741368,v0,v0+p67693be0e0ff+t95c0c341a366,base,R11_missing_url,False,missing_info,provider_error,clarify,,False,False,False,"ClientError: 429 RESOURCE_EXHAUSTED. {'error': {'code': 429, 'message': 'You exceeded your current quota, please check your plan and billing details. For more information on this error, head to: https://ai.google.dev/gemini-api/docs/rate-limits. To monitor your current usage, head to: https://ai.dev/rate-limit. \n* Quota exceeded for metric: generativelanguage.googleapis.com/generate_content_free_tier_requests, limit: 5, model: gemini-3.5-flash\nPlease retry in 16.643830703s.', 'status': 'RESOURCE_EXHAUSTED', 'details': [{'@type': 'type.googleapis.com/google.rpc.Help', 'links': [{'description': 'Learn more about Gemini API quotas', 'url': 'https://ai.google.dev/gemini-api/docs/rate-limits'}]}, {'@type': 'type.googleapis.com/google.rpc.QuotaFailure', 'violations': [{'quotaMetric': 'generativelanguage.googleapis.com/generate_content_free_tier_requests', 'quotaId': 'GenerateRequestsPerMinutePerProjectPerModel-FreeTier', 'quotaDimensions': {'location': 'global', 'model': 'gemini-3.5-flash'}, 'quotaValue': '5'}]}, {'@type': 'type.googleapis.com/google.rpc.RetryInfo', 'retryDelay': '16s'}]}}"
v0_B_base_gemini_20260602T152148741368,v0,v0+p67693be0e0ff+t95c0c341a366,base,R12_confirm_before_send,False,wrong_boundary,provider_error,clarify,,False,False,False,"ClientError: 429 RESOURCE_EXHAUSTED. {'error': {'code': 429, 'message': 'You exceeded your current quota, please check your plan and billing details. For more information on this error, head to: https://ai.google.dev/gemini-api/docs/rate-limits. To monitor your current usage, head to: https://ai.dev/rate-limit. \n* Quota exceeded for metric: generativelanguage.googleapis.com/generate_content_free_tier_requests, limit: 5, model: gemini-3.5-flash\nPlease retry in 16.380012226s.', 'status': 'RESOURCE_EXHAUSTED', 'details': [{'@type': 'type.googleapis.com/google.rpc.Help', 'links': [{'description': 'Learn more about Gemini API quotas', 'url': 'https://ai.google.dev/gemini-api/docs/rate-limits'}]}, {'@type': 'type.googleapis.com/google.rpc.QuotaFailure', 'violations': [{'quotaMetric': 'generativelanguage.googleapis.com/generate_content_free_tier_requests', 'quotaId': 'GenerateRequestsPerMinutePerProjectPerModel-FreeTier', 'quotaDimensions': {'location': 'global', 'model': 'gemini-3.5-flash'}, 'quotaValue': '5'}]}, {'@type': 'type.googleapis.com/google.rpc.RetryInfo', 'retryDelay': '16s'}]}}"
v0_B_base_gemini_20260602T152148741368,v0,v0+p67693be0e0ff+t95c0c341a366,base,R13_parallel_web_and_tweets,False,wrong_tool,provider_error,lookup|social_search,,False,False,False,"ClientError: 429 RESOURCE_EXHAUSTED. {'error': {'code': 429, 'message': 'You exceeded your current quota, please check your plan and billing details. For more information on this error, head to: https://ai.google.dev/gemini-api/docs/rate-limits. To monitor your current usage, head to: https://ai.dev/rate-limit. \n* Quota exceeded for metric: generativelanguage.googleapis.com/generate_content_free_tier_requests, limit: 5, model: gemini-3.5-flash\nPlease retry in 16.162113159s.', 'status': 'RESOURCE_EXHAUSTED', 'details': [{'@type': 'type.googleapis.com/google.rpc.Help', 'links': [{'description': 'Learn more about Gemini API quotas', 'url': 'https://ai.google.dev/gemini-api/docs/rate-limits'}]}, {'@type': 'type.googleapis.com/google.rpc.QuotaFailure', 'violations': [{'quotaMetric': 'generativelanguage.googleapis.com/generate_content_free_tier_requests', 'quotaId': 'GenerateRequestsPerMinutePerProjectPerModel-FreeTier', 'quotaDimensions': {'model': 'gemini-3.5-flash', 'location': 'global'}, 'quotaValue': '5'}]}, {'@type': 'type.googleapis.com/google.rpc.RetryInfo', 'retryDelay': '16s'}]}}"
v0_B_base_gemini_20260602T152148741368,v0,v0+p67693be0e0ff+t95c0c341a366,base,R14_out_of_scope_coding,False,out_of_scope,provider_error,no_tool,,False,False,False,"ClientError: 429 RESOURCE_EXHAUSTED. {'error': {'code': 429, 'message': 'You exceeded your current quota, please check your plan and billing details. For more information on this error, head to: https://ai.google.dev/gemini-api/docs/rate-limits. To monitor your current usage, head to: https://ai.dev/rate-limit. \n* Quota exceeded for metric: generativelanguage.googleapis.com/generate_content_free_tier_requests, limit: 5, model: gemini-3.5-flash\nPlease retry in 15.889670754s.', 'status': 'RESOURCE_EXHAUSTED', 'details': [{'@type': 'type.googleapis.com/google.rpc.Help', 'links': [{'description': 'Learn more about Gemini API quotas', 'url': 'https://ai.google.dev/gemini-api/docs/rate-limits'}]}, {'@type': 'type.googleapis.com/google.rpc.QuotaFailure', 'violations': [{'quotaMetric': 'generativelanguage.googleapis.com/generate_content_free_tier_requests', 'quotaId': 'GenerateRequestsPerMinutePerProjectPerModel-FreeTier', 'quotaDimensions': {'model': 'gemini-3.5-flash', 'location': 'global'}, 'quotaValue': '5'}]}, {'@type': 'type.googleapis.com/google.rpc.RetryInfo', 'retryDelay': '15s'}]}}"
v0_B_base_gemini_20260602T152148741368,v0,v0+p67693be0e0ff+t95c0c341a366,base,M01_clarify_then_fill,True,missing_info,provider_error,timeline,,False,False,False,"ClientError: 429 RESOURCE_EXHAUSTED. {'error': {'code': 429, 'message': 'You exceeded your current quota, please check your plan and billing details. For more information on this error, head to: https://ai.google.dev/gemini-api/docs/rate-limits. To monitor your current usage, head to: https://ai.dev/rate-limit. \n* Quota exceeded for metric: generativelanguage.googleapis.com/generate_content_free_tier_requests, limit: 5, model: gemini-3.5-flash\nPlease retry in 15.666677514s.', 'status': 'RESOURCE_EXHAUSTED', 'details': [{'@type': 'type.googleapis.com/google.rpc.Help', 'links': [{'description': 'Learn more about Gemini API quotas', 'url': 'https://ai.google.dev/gemini-api/docs/rate-limits'}]}, {'@type': 'type.googleapis.com/google.rpc.QuotaFailure', 'violations': [{'quotaMetric': 'generativelanguage.googleapis.com/generate_content_free_tier_requests', 'quotaId': 'GenerateRequestsPerMinutePerProjectPerModel-FreeTier', 'quotaDimensions': {'location': 'global', 'model': 'gemini-3.5-flash'}, 'quotaValue': '5'}]}, {'@type': 'type.googleapis.com/google.rpc.RetryInfo', 'retryDelay': '15s'}]}}"
v0_B_base_gemini_20260602T152148741368,v0,v0+p67693be0e0ff+t95c0c341a366,base,M02_carryover_timeframe,True,wrong_arg_value,provider_error,lookup,,False,False,False,"ClientError: 429 RESOURCE_EXHAUSTED. {'error': {'code': 429, 'message': 'You exceeded your current quota, please check your plan and billing details. For more information on this error, head to: https://ai.google.dev/gemini-api/docs/rate-limits. To monitor your current usage, head to: https://ai.dev/rate-limit. \n* Quota exceeded for metric: generativelanguage.googleapis.com/generate_content_free_tier_requests, limit: 5, model: gemini-3.5-flash\nPlease retry in 15.460699306s.', 'status': 'RESOURCE_EXHAUSTED', 'details': [{'@type': 'type.googleapis.com/google.rpc.Help', 'links': [{'description': 'Learn more about Gemini API quotas', 'url': 'https://ai.google.dev/gemini-api/docs/rate-limits'}]}, {'@type': 'type.googleapis.com/google.rpc.QuotaFailure', 'violations': [{'quotaMetric': 'generativelanguage.googleapis.com/generate_content_free_tier_requests', 'quotaId': 'GenerateRequestsPerMinutePerProjectPerModel-FreeTier', 'quotaDimensions': {'location': 'global', 'model': 'gemini-3.5-flash'}, 'quotaValue': '5'}]}, {'@type': 'type.googleapis.com/google.rpc.RetryInfo', 'retryDelay': '15s'}]}}"
v0_B_base_gemini_20260602T152148741368,v0,v0+p67693be0e0ff+t95c0c341a366,base,M03_correction_handle,True,wrong_arg_value,provider_error,timeline,,False,False,False,"ClientError: 429 RESOURCE_EXHAUSTED. {'error': {'code': 429, 'message': 'You exceeded your current quota, please check your plan and billing details. For more information on this error, head to: https://ai.google.dev/gemini-api/docs/rate-limits. To monitor your current usage, head to: https://ai.dev/rate-limit. \n* Quota exceeded for metric: generativelanguage.googleapis.com/generate_content_free_tier_requests, limit: 5, model: gemini-3.5-flash\nPlease retry in 15.089205668s.', 'status': 'RESOURCE_EXHAUSTED', 'details': [{'@type': 'type.googleapis.com/google.rpc.Help', 'links': [{'description': 'Learn more about Gemini API quotas', 'url': 'https://ai.google.dev/gemini-api/docs/rate-limits'}]}, {'@type': 'type.googleapis.com/google.rpc.QuotaFailure', 'violations': [{'quotaMetric': 'generativelanguage.googleapis.com/generate_content_free_tier_requests', 'quotaId': 'GenerateRequestsPerMinutePerProjectPerModel-FreeTier', 'quotaDimensions': {'location': 'global', 'model': 'gemini-3.5-flash'}, 'quotaValue': '5'}]}, {'@type': 'type.googleapis.com/google.rpc.RetryInfo', 'retryDelay': '15s'}]}}"
v0_B_base_gemini_20260602T152148741368,v0,v0+p67693be0e0ff+t95c0c341a366,base,M04_clarify_then_url,True,missing_info,provider_error,fetch,,False,False,False,"ClientError: 429 RESOURCE_EXHAUSTED. {'error': {'code': 429, 'message': 'You exceeded your current quota, please check your plan and billing details. For more information on this error, head to: https://ai.google.dev/gemini-api/docs/rate-limits. To monitor your current usage, head to: https://ai.dev/rate-limit. \n* Quota exceeded for metric: generativelanguage.googleapis.com/generate_content_free_tier_requests, limit: 5, model: gemini-3.5-flash\nPlease retry in 14.804411834s.', 'status': 'RESOURCE_EXHAUSTED', 'details': [{'@type': 'type.googleapis.com/google.rpc.Help', 'links': [{'description': 'Learn more about Gemini API quotas', 'url': 'https://ai.google.dev/gemini-api/docs/rate-limits'}]}, {'@type': 'type.googleapis.com/google.rpc.QuotaFailure', 'violations': [{'quotaMetric': 'generativelanguage.googleapis.com/generate_content_free_tier_requests', 'quotaId': 'GenerateRequestsPerMinutePerProjectPerModel-FreeTier', 'quotaDimensions': {'location': 'global', 'model': 'gemini-3.5-flash'}, 'quotaValue': '5'}]}, {'@type': 'type.googleapis.com/google.rpc.RetryInfo', 'retryDelay': '14s'}]}}"
v0_B_base_gemini_20260602T152148741368,v0,v0+p67693be0e0ff+t95c0c341a366,base,M05_correction_limit,True,wrong_arg_value,provider_error,timeline,,False,False,False,"ClientError: 429 RESOURCE_EXHAUSTED. {'error': {'code': 429, 'message': 'You exceeded your current quota, please check your plan and billing details. For more information on this error, head to: https://ai.google.dev/gemini-api/docs/rate-limits. To monitor your current usage, head to: https://ai.dev/rate-limit. \n* Quota exceeded for metric: generativelanguage.googleapis.com/generate_content_free_tier_requests, limit: 5, model: gemini-3.5-flash\nPlease retry in 14.601264353s.', 'status': 'RESOURCE_EXHAUSTED', 'details': [{'@type': 'type.googleapis.com/google.rpc.Help', 'links': [{'description': 'Learn more about Gemini API quotas', 'url': 'https://ai.google.dev/gemini-api/docs/rate-limits'}]}, {'@type': 'type.googleapis.com/google.rpc.QuotaFailure', 'violations': [{'quotaMetric': 'generativelanguage.googleapis.com/generate_content_free_tier_requests', 'quotaId': 'GenerateRequestsPerMinutePerProjectPerModel-FreeTier', 'quotaDimensions': {'model': 'gemini-3.5-flash', 'location': 'global'}, 'quotaValue': '5'}]}, {'@type': 'type.googleapis.com/google.rpc.RetryInfo', 'retryDelay': '14s'}]}}"
v0_B_base_gemini_20260602T152148741368,v0,v0+p67693be0e0ff+t95c0c341a366,base,M06_switch_tool,True,wrong_tool,provider_error,lookup,,False,False,False,"ClientError: 429 RESOURCE_EXHAUSTED. {'error': {'code': 429, 'message': 'You exceeded your current quota, please check your plan and billing details. For more information on this error, head to: https://ai.google.dev/gemini-api/docs/rate-limits. To monitor your current usage, head to: https://ai.dev/rate-limit. \n* Quota exceeded for metric: generativelanguage.googleapis.com/generate_content_free_tier_requests, limit: 5, model: gemini-3.5-flash\nPlease retry in 14.326420787s.', 'status': 'RESOURCE_EXHAUSTED', 'details': [{'@type': 'type.googleapis.com/google.rpc.Help', 'links': [{'description': 'Learn more about Gemini API quotas', 'url': 'https://ai.google.dev/gemini-api/docs/rate-limits'}]}, {'@type': 'type.googleapis.com/google.rpc.QuotaFailure', 'violations': [{'quotaMetric': 'generativelanguage.googleapis.com/generate_content_free_tier_requests', 'quotaId': 'GenerateRequestsPerMinutePerProjectPerModel-FreeTier', 'quotaDimensions': {'location': 'global', 'model': 'gemini-3.5-flash'}, 'quotaValue': '5'}]}, {'@type': 'type.googleapis.com/google.rpc.RetryInfo', 'retryDelay': '14s'}]}}"
v0_B_base_gemini_20260602T152426920766,v0,v0+p67693be0e0ff+t95c0c341a366,base,R01_user_tweets_routing,False,wrong_tool,provider_error,timeline,,False,False,False,"ClientError: 400 INVALID_ARGUMENT. {'error': {'code': 400, 'message': 'API key not valid. Please pass a valid API key.', 'status': 'INVALID_ARGUMENT', 'details': [{'@type': 'type.googleapis.com/google.rpc.ErrorInfo', 'reason': 'API_KEY_INVALID', 'domain': 'googleapis.com', 'metadata': {'service': 'generativelanguage.googleapis.com'}}, {'@type': 'type.googleapis.com/google.rpc.LocalizedMessage', 'locale': 'en-US', 'message': 'API key not valid. Please pass a valid API key.'}]}}"
v0_B_base_gemini_20260602T152426920766,v0,v0+p67693be0e0ff+t95c0c341a366,base,R02_search_tweets_routing,False,wrong_tool,provider_error,social_search,,False,False,False,"ClientError: 400 INVALID_ARGUMENT. {'error': {'code': 400, 'message': 'API key not valid. Please pass a valid API key.', 'status': 'INVALID_ARGUMENT', 'details': [{'@type': 'type.googleapis.com/google.rpc.ErrorInfo', 'reason': 'API_KEY_INVALID', 'domain': 'googleapis.com', 'metadata': {'service': 'generativelanguage.googleapis.com'}}, {'@type': 'type.googleapis.com/google.rpc.LocalizedMessage', 'locale': 'en-US', 'message': 'API key not valid. Please pass a valid API key.'}]}}"
v0_B_base_gemini_20260602T152426920766,v0,v0+p67693be0e0ff+t95c0c341a366,base,R03_web_news_routing,False,wrong_tool,provider_error,lookup,,False,False,False,"ClientError: 400 INVALID_ARGUMENT. {'error': {'code': 400, 'message': 'API key not valid. Please pass a valid API key.', 'status': 'INVALID_ARGUMENT', 'details': [{'@type': 'type.googleapis.com/google.rpc.ErrorInfo', 'reason': 'API_KEY_INVALID', 'domain': 'googleapis.com', 'metadata': {'service': 'generativelanguage.googleapis.com'}}, {'@type': 'type.googleapis.com/google.rpc.LocalizedMessage', 'locale': 'en-US', 'message': 'API key not valid. Please pass a valid API key.'}]}}"
v0_B_base_gemini_20260602T152426920766,v0,v0+p67693be0e0ff+t95c0c341a366,base,R04_read_url_routing,False,wrong_tool,provider_error,fetch,,False,False,False,"ClientError: 400 INVALID_ARGUMENT. {'error': {'code': 400, 'message': 'API key not valid. Please pass a valid API key.', 'status': 'INVALID_ARGUMENT', 'details': [{'@type': 'type.googleapis.com/google.rpc.ErrorInfo', 'reason': 'API_KEY_INVALID', 'domain': 'googleapis.com', 'metadata': {'service': 'generativelanguage.googleapis.com'}}, {'@type': 'type.googleapis.com/google.rpc.LocalizedMessage', 'locale': 'en-US', 'message': 'API key not valid. Please pass a valid API key.'}]}}"
v0_B_base_gemini_20260602T152426920766,v0,v0+p67693be0e0ff+t95c0c341a366,base,R05_limit_arg,False,wrong_arg_value,provider_error,timeline,,False,False,False,"ClientError: 400 INVALID_ARGUMENT. {'error': {'code': 400, 'message': 'API key not valid. Please pass a valid API key.', 'status': 'INVALID_ARGUMENT', 'details': [{'@type': 'type.googleapis.com/google.rpc.ErrorInfo', 'reason': 'API_KEY_INVALID', 'domain': 'googleapis.com', 'metadata': {'service': 'generativelanguage.googleapis.com'}}, {'@type': 'type.googleapis.com/google.rpc.LocalizedMessage', 'locale': 'en-US', 'message': 'API key not valid. Please pass a valid API key.'}]}}"
v0_B_base_gemini_20260602T152426920766,v0,v0+p67693be0e0ff+t95c0c341a366,base,R06_timeframe_arg,False,wrong_arg_value,provider_error,lookup,,False,False,False,"ClientError: 400 INVALID_ARGUMENT. {'error': {'code': 400, 'message': 'API key not valid. Please pass a valid API key.', 'status': 'INVALID_ARGUMENT', 'details': [{'@type': 'type.googleapis.com/google.rpc.ErrorInfo', 'reason': 'API_KEY_INVALID', 'domain': 'googleapis.com', 'metadata': {'service': 'generativelanguage.googleapis.com'}}, {'@type': 'type.googleapis.com/google.rpc.LocalizedMessage', 'locale': 'en-US', 'message': 'API key not valid. Please pass a valid API key.'}]}}"
v0_B_base_gemini_20260602T152426920766,v0,v0+p67693be0e0ff+t95c0c341a366,base,R07_search_type_arg,False,wrong_arg_value,provider_error,social_search,,False,False,False,"ClientError: 400 INVALID_ARGUMENT. {'error': {'code': 400, 'message': 'API key not valid. Please pass a valid API key.', 'status': 'INVALID_ARGUMENT', 'details': [{'@type': 'type.googleapis.com/google.rpc.ErrorInfo', 'reason': 'API_KEY_INVALID', 'domain': 'googleapis.com', 'metadata': {'service': 'generativelanguage.googleapis.com'}}, {'@type': 'type.googleapis.com/google.rpc.LocalizedMessage', 'locale': 'en-US', 'message': 'API key not valid. Please pass a valid API key.'}]}}"
v0_B_base_gemini_20260602T152426920766,v0,v0+p67693be0e0ff+t95c0c341a366,base,R08_out_of_scope,False,out_of_scope,provider_error,no_tool,,False,False,False,"ClientError: 400 INVALID_ARGUMENT. {'error': {'code': 400, 'message': 'API key not valid. Please pass a valid API key.', 'status': 'INVALID_ARGUMENT', 'details': [{'@type': 'type.googleapis.com/google.rpc.ErrorInfo', 'reason': 'API_KEY_INVALID', 'domain': 'googleapis.com', 'metadata': {'service': 'generativelanguage.googleapis.com'}}, {'@type': 'type.googleapis.com/google.rpc.LocalizedMessage', 'locale': 'en-US', 'message': 'API key not valid. Please pass a valid API key.'}]}}"
v0_B_base_gemini_20260602T152426920766,v0,v0+p67693be0e0ff+t95c0c341a366,base,R09_no_tool_capability,False,unnecessary_tool,provider_error,no_tool,,False,False,False,"ClientError: 400 INVALID_ARGUMENT. {'error': {'code': 400, 'message': 'API key not valid. Please pass a valid API key.', 'status': 'INVALID_ARGUMENT', 'details': [{'@type': 'type.googleapis.com/google.rpc.ErrorInfo', 'reason': 'API_KEY_INVALID', 'domain': 'googleapis.com', 'metadata': {'service': 'generativelanguage.googleapis.com'}}, {'@type': 'type.googleapis.com/google.rpc.LocalizedMessage', 'locale': 'en-US', 'message': 'API key not valid. Please pass a valid API key.'}]}}"
v0_B_base_gemini_20260602T152426920766,v0,v0+p67693be0e0ff+t95c0c341a366,base,R10_missing_handle,False,missing_info,provider_error,clarify,,False,False,False,"ClientError: 400 INVALID_ARGUMENT. {'error': {'code': 400, 'message': 'API key not valid. Please pass a valid API key.', 'status': 'INVALID_ARGUMENT', 'details': [{'@type': 'type.googleapis.com/google.rpc.ErrorInfo', 'reason': 'API_KEY_INVALID', 'domain': 'googleapis.com', 'metadata': {'service': 'generativelanguage.googleapis.com'}}, {'@type': 'type.googleapis.com/google.rpc.LocalizedMessage', 'locale': 'en-US', 'message': 'API key not valid. Please pass a valid API key.'}]}}"
v0_B_base_gemini_20260602T152426920766,v0,v0+p67693be0e0ff+t95c0c341a366,base,R11_missing_url,False,missing_info,provider_error,clarify,,False,False,False,"ClientError: 400 INVALID_ARGUMENT. {'error': {'code': 400, 'message': 'API key not valid. Please pass a valid API key.', 'status': 'INVALID_ARGUMENT', 'details': [{'@type': 'type.googleapis.com/google.rpc.ErrorInfo', 'reason': 'API_KEY_INVALID', 'domain': 'googleapis.com', 'metadata': {'service': 'generativelanguage.googleapis.com'}}, {'@type': 'type.googleapis.com/google.rpc.LocalizedMessage', 'locale': 'en-US', 'message': 'API key not valid. Please pass a valid API key.'}]}}"
v0_B_base_gemini_20260602T152426920766,v0,v0+p67693be0e0ff+t95c0c341a366,base,R12_confirm_before_send,False,wrong_boundary,provider_error,clarify,,False,False,False,"ClientError: 400 INVALID_ARGUMENT. {'error': {'code': 400, 'message': 'API key not valid. Please pass a valid API key.', 'status': 'INVALID_ARGUMENT', 'details': [{'@type': 'type.googleapis.com/google.rpc.ErrorInfo', 'reason': 'API_KEY_INVALID', 'domain': 'googleapis.com', 'metadata': {'service': 'generativelanguage.googleapis.com'}}, {'@type': 'type.googleapis.com/google.rpc.LocalizedMessage', 'locale': 'en-US', 'message': 'API key not valid. Please pass a valid API key.'}]}}"
v0_B_base_gemini_20260602T152426920766,v0,v0+p67693be0e0ff+t95c0c341a366,base,R13_parallel_web_and_tweets,False,wrong_tool,provider_error,lookup|social_search,,False,False,False,"ClientError: 400 INVALID_ARGUMENT. {'error': {'code': 400, 'message': 'API key not valid. Please pass a valid API key.', 'status': 'INVALID_ARGUMENT', 'details': [{'@type': 'type.googleapis.com/google.rpc.ErrorInfo', 'reason': 'API_KEY_INVALID', 'domain': 'googleapis.com', 'metadata': {'service': 'generativelanguage.googleapis.com'}}, {'@type': 'type.googleapis.com/google.rpc.LocalizedMessage', 'locale': 'en-US', 'message': 'API key not valid. Please pass a valid API key.'}]}}"
v0_B_base_gemini_20260602T152426920766,v0,v0+p67693be0e0ff+t95c0c341a366,base,R14_out_of_scope_coding,False,out_of_scope,provider_error,no_tool,,False,False,False,"ClientError: 400 INVALID_ARGUMENT. {'error': {'code': 400, 'message': 'API key not valid. Please pass a valid API key.', 'status': 'INVALID_ARGUMENT', 'details': [{'@type': 'type.googleapis.com/google.rpc.ErrorInfo', 'reason': 'API_KEY_INVALID', 'domain': 'googleapis.com', 'metadata': {'service': 'generativelanguage.googleapis.com'}}, {'@type': 'type.googleapis.com/google.rpc.LocalizedMessage', 'locale': 'en-US', 'message': 'API key not valid. Please pass a valid API key.'}]}}"
v0_B_base_gemini_20260602T152426920766,v0,v0+p67693be0e0ff+t95c0c341a366,base,M01_clarify_then_fill,True,missing_info,provider_error,timeline,,False,False,False,"ClientError: 400 INVALID_ARGUMENT. {'error': {'code': 400, 'message': 'API key not valid. Please pass a valid API key.', 'status': 'INVALID_ARGUMENT', 'details': [{'@type': 'type.googleapis.com/google.rpc.ErrorInfo', 'reason': 'API_KEY_INVALID', 'domain': 'googleapis.com', 'metadata': {'service': 'generativelanguage.googleapis.com'}}, {'@type': 'type.googleapis.com/google.rpc.LocalizedMessage', 'locale': 'en-US', 'message': 'API key not valid. Please pass a valid API key.'}]}}"
v0_B_base_gemini_20260602T152426920766,v0,v0+p67693be0e0ff+t95c0c341a366,base,M02_carryover_timeframe,True,wrong_arg_value,provider_error,lookup,,False,False,False,"ClientError: 400 INVALID_ARGUMENT. {'error': {'code': 400, 'message': 'API key not valid. Please pass a valid API key.', 'status': 'INVALID_ARGUMENT', 'details': [{'@type': 'type.googleapis.com/google.rpc.ErrorInfo', 'reason': 'API_KEY_INVALID', 'domain': 'googleapis.com', 'metadata': {'service': 'generativelanguage.googleapis.com'}}, {'@type': 'type.googleapis.com/google.rpc.LocalizedMessage', 'locale': 'en-US', 'message': 'API key not valid. Please pass a valid API key.'}]}}"
v0_B_base_gemini_20260602T152426920766,v0,v0+p67693be0e0ff+t95c0c341a366,base,M03_correction_handle,True,wrong_arg_value,provider_error,timeline,,False,False,False,"ClientError: 400 INVALID_ARGUMENT. {'error': {'code': 400, 'message': 'API key not valid. Please pass a valid API key.', 'status': 'INVALID_ARGUMENT', 'details': [{'@type': 'type.googleapis.com/google.rpc.ErrorInfo', 'reason': 'API_KEY_INVALID', 'domain': 'googleapis.com', 'metadata': {'service': 'generativelanguage.googleapis.com'}}, {'@type': 'type.googleapis.com/google.rpc.LocalizedMessage', 'locale': 'en-US', 'message': 'API key not valid. Please pass a valid API key.'}]}}"
v0_B_base_gemini_20260602T152426920766,v0,v0+p67693be0e0ff+t95c0c341a366,base,M04_clarify_then_url,True,missing_info,provider_error,fetch,,False,False,False,"ClientError: 400 INVALID_ARGUMENT. {'error': {'code': 400, 'message': 'API key not valid. Please pass a valid API key.', 'status': 'INVALID_ARGUMENT', 'details': [{'@type': 'type.googleapis.com/google.rpc.ErrorInfo', 'reason': 'API_KEY_INVALID', 'domain': 'googleapis.com', 'metadata': {'service': 'generativelanguage.googleapis.com'}}, {'@type': 'type.googleapis.com/google.rpc.LocalizedMessage', 'locale': 'en-US', 'message': 'API key not valid. Please pass a valid API key.'}]}}"
v0_B_base_gemini_20260602T152426920766,v0,v0+p67693be0e0ff+t95c0c341a366,base,M05_correction_limit,True,wrong_arg_value,provider_error,timeline,,False,False,False,"ClientError: 400 INVALID_ARGUMENT. {'error': {'code': 400, 'message': 'API key not valid. Please pass a valid API key.', 'status': 'INVALID_ARGUMENT', 'details': [{'@type': 'type.googleapis.com/google.rpc.ErrorInfo', 'reason': 'API_KEY_INVALID', 'domain': 'googleapis.com', 'metadata': {'service': 'generativelanguage.googleapis.com'}}, {'@type': 'type.googleapis.com/google.rpc.LocalizedMessage', 'locale': 'en-US', 'message': 'API key not valid. Please pass a valid API key.'}]}}"
v0_B_base_gemini_20260602T152426920766,v0,v0+p67693be0e0ff+t95c0c341a366,base,M06_switch_tool,True,wrong_tool,provider_error,lookup,,False,False,False,"ClientError: 400 INVALID_ARGUMENT. {'error': {'code': 400, 'message': 'API key not valid. Please pass a valid API key.', 'status': 'INVALID_ARGUMENT', 'details': [{'@type': 'type.googleapis.com/google.rpc.ErrorInfo', 'reason': 'API_KEY_INVALID', 'domain': 'googleapis.com', 'metadata': {'service': 'generativelanguage.googleapis.com'}}, {'@type': 'type.googleapis.com/google.rpc.LocalizedMessage', 'locale': 'en-US', 'message': 'API key not valid. Please pass a valid API key.'}]}}"
v0_B_base_gemini_20260602T153038331377,v0,v0+p67693be0e0ff+t95c0c341a366,base,R01_user_tweets_routing,False,wrong_tool,,timeline,timeline,True,True,True,
v0_B_base_gemini_20260602T153038331377,v0,v0+p67693be0e0ff+t95c0c341a366,base,R02_search_tweets_routing,False,wrong_tool,,social_search,social_search,True,True,True,
v0_B_base_gemini_20260602T153038331377,v0,v0+p67693be0e0ff+t95c0c341a366,base,R03_web_news_routing,False,wrong_tool,,lookup,lookup,True,True,True,
v0_B_base_gemini_20260602T153038331377,v0,v0+p67693be0e0ff+t95c0c341a366,base,R04_read_url_routing,False,wrong_tool,,fetch,fetch,True,True,True,
v0_B_base_gemini_20260602T153038331377,v0,v0+p67693be0e0ff+t95c0c341a366,base,R05_limit_arg,False,wrong_arg_value,,timeline,timeline,True,True,True,
v0_B_base_gemini_20260602T153038331377,v0,v0+p67693be0e0ff+t95c0c341a366,base,R06_timeframe_arg,False,wrong_arg_value,,lookup,lookup,True,True,True,
v0_B_base_gemini_20260602T153038331377,v0,v0+p67693be0e0ff+t95c0c341a366,base,R07_search_type_arg,False,wrong_arg_value,,social_search,social_search,True,True,True,
v0_B_base_gemini_20260602T153038331377,v0,v0+p67693be0e0ff+t95c0c341a366,base,R08_out_of_scope,False,out_of_scope,,no_tool,,True,True,True,
v0_B_base_gemini_20260602T153038331377,v0,v0+p67693be0e0ff+t95c0c341a366,base,R09_no_tool_capability,False,unnecessary_tool,,no_tool,,True,True,True,
v0_B_base_gemini_20260602T153038331377,v0,v0+p67693be0e0ff+t95c0c341a366,base,R10_missing_handle,False,missing_info,provider_error,clarify,,False,False,False,"ClientError: 429 RESOURCE_EXHAUSTED. {'error': {'code': 429, 'message': 'You exceeded your current quota, please check your plan and billing details. For more information on this error, head to: https://ai.google.dev/gemini-api/docs/rate-limits. To monitor your current usage, head to: https://ai.dev/rate-limit. \n* Quota exceeded for metric: generativelanguage.googleapis.com/generate_content_free_tier_requests, limit: 5, model: gemini-3.5-flash\nPlease retry in 30.672108668s.', 'status': 'RESOURCE_EXHAUSTED', 'details': [{'@type': 'type.googleapis.com/google.rpc.Help', 'links': [{'description': 'Learn more about Gemini API quotas', 'url': 'https://ai.google.dev/gemini-api/docs/rate-limits'}]}, {'@type': 'type.googleapis.com/google.rpc.QuotaFailure', 'violations': [{'quotaMetric': 'generativelanguage.googleapis.com/generate_content_free_tier_requests', 'quotaId': 'GenerateRequestsPerMinutePerProjectPerModel-FreeTier', 'quotaDimensions': {'location': 'global', 'model': 'gemini-3.5-flash'}, 'quotaValue': '5'}]}, {'@type': 'type.googleapis.com/google.rpc.RetryInfo', 'retryDelay': '30s'}]}}"
v0_B_base_gemini_20260602T153038331377,v0,v0+p67693be0e0ff+t95c0c341a366,base,R11_missing_url,False,missing_info,provider_error,clarify,,False,False,False,"ClientError: 429 RESOURCE_EXHAUSTED. {'error': {'code': 429, 'message': 'You exceeded your current quota, please check your plan and billing details. For more information on this error, head to: https://ai.google.dev/gemini-api/docs/rate-limits. To monitor your current usage, head to: https://ai.dev/rate-limit. \n* Quota exceeded for metric: generativelanguage.googleapis.com/generate_content_free_tier_requests, limit: 5, model: gemini-3.5-flash\nPlease retry in 30.298938109s.', 'status': 'RESOURCE_EXHAUSTED', 'details': [{'@type': 'type.googleapis.com/google.rpc.Help', 'links': [{'description': 'Learn more about Gemini API quotas', 'url': 'https://ai.google.dev/gemini-api/docs/rate-limits'}]}, {'@type': 'type.googleapis.com/google.rpc.QuotaFailure', 'violations': [{'quotaMetric': 'generativelanguage.googleapis.com/generate_content_free_tier_requests', 'quotaId': 'GenerateRequestsPerMinutePerProjectPerModel-FreeTier', 'quotaDimensions': {'location': 'global', 'model': 'gemini-3.5-flash'}, 'quotaValue': '5'}]}, {'@type': 'type.googleapis.com/google.rpc.RetryInfo', 'retryDelay': '30s'}]}}"
v0_B_base_gemini_20260602T153038331377,v0,v0+p67693be0e0ff+t95c0c341a366,base,R12_confirm_before_send,False,wrong_boundary,provider_error,clarify,,False,False,False,"ClientError: 429 RESOURCE_EXHAUSTED. {'error': {'code': 429, 'message': 'You exceeded your current quota, please check your plan and billing details. For more information on this error, head to: https://ai.google.dev/gemini-api/docs/rate-limits. To monitor your current usage, head to: https://ai.dev/rate-limit. \n* Quota exceeded for metric: generativelanguage.googleapis.com/generate_content_free_tier_requests, limit: 5, model: gemini-3.5-flash\nPlease retry in 29.363235538s.', 'status': 'RESOURCE_EXHAUSTED', 'details': [{'@type': 'type.googleapis.com/google.rpc.Help', 'links': [{'description': 'Learn more about Gemini API quotas', 'url': 'https://ai.google.dev/gemini-api/docs/rate-limits'}]}, {'@type': 'type.googleapis.com/google.rpc.QuotaFailure', 'violations': [{'quotaMetric': 'generativelanguage.googleapis.com/generate_content_free_tier_requests', 'quotaId': 'GenerateRequestsPerMinutePerProjectPerModel-FreeTier', 'quotaDimensions': {'model': 'gemini-3.5-flash', 'location': 'global'}, 'quotaValue': '5'}]}, {'@type': 'type.googleapis.com/google.rpc.RetryInfo', 'retryDelay': '29s'}]}}"
v0_B_base_gemini_20260602T153038331377,v0,v0+p67693be0e0ff+t95c0c341a366,base,R13_parallel_web_and_tweets,False,wrong_tool,provider_error,lookup|social_search,,False,False,False,"ClientError: 429 RESOURCE_EXHAUSTED. {'error': {'code': 429, 'message': 'You exceeded your current quota, please check your plan and billing details. For more information on this error, head to: https://ai.google.dev/gemini-api/docs/rate-limits. To monitor your current usage, head to: https://ai.dev/rate-limit. \n* Quota exceeded for metric: generativelanguage.googleapis.com/generate_content_free_tier_requests, limit: 5, model: gemini-3.5-flash\nPlease retry in 28.92027795s.', 'status': 'RESOURCE_EXHAUSTED', 'details': [{'@type': 'type.googleapis.com/google.rpc.Help', 'links': [{'description': 'Learn more about Gemini API quotas', 'url': 'https://ai.google.dev/gemini-api/docs/rate-limits'}]}, {'@type': 'type.googleapis.com/google.rpc.QuotaFailure', 'violations': [{'quotaMetric': 'generativelanguage.googleapis.com/generate_content_free_tier_requests', 'quotaId': 'GenerateRequestsPerMinutePerProjectPerModel-FreeTier', 'quotaDimensions': {'location': 'global', 'model': 'gemini-3.5-flash'}, 'quotaValue': '5'}]}, {'@type': 'type.googleapis.com/google.rpc.RetryInfo', 'retryDelay': '28s'}]}}"
v0_B_base_gemini_20260602T153038331377,v0,v0+p67693be0e0ff+t95c0c341a366,base,R14_out_of_scope_coding,False,out_of_scope,provider_error,no_tool,,False,False,False,"ClientError: 429 RESOURCE_EXHAUSTED. {'error': {'code': 429, 'message': 'You exceeded your current quota, please check your plan and billing details. For more information on this error, head to: https://ai.google.dev/gemini-api/docs/rate-limits. To monitor your current usage, head to: https://ai.dev/rate-limit. \n* Quota exceeded for metric: generativelanguage.googleapis.com/generate_content_free_tier_requests, limit: 5, model: gemini-3.5-flash\nPlease retry in 28.607635752s.', 'status': 'RESOURCE_EXHAUSTED', 'details': [{'@type': 'type.googleapis.com/google.rpc.Help', 'links': [{'description': 'Learn more about Gemini API quotas', 'url': 'https://ai.google.dev/gemini-api/docs/rate-limits'}]}, {'@type': 'type.googleapis.com/google.rpc.QuotaFailure', 'violations': [{'quotaMetric': 'generativelanguage.googleapis.com/generate_content_free_tier_requests', 'quotaId': 'GenerateRequestsPerMinutePerProjectPerModel-FreeTier', 'quotaDimensions': {'model': 'gemini-3.5-flash', 'location': 'global'}, 'quotaValue': '5'}]}, {'@type': 'type.googleapis.com/google.rpc.RetryInfo', 'retryDelay': '28s'}]}}"
v0_B_base_gemini_20260602T153038331377,v0,v0+p67693be0e0ff+t95c0c341a366,base,M01_clarify_then_fill,True,missing_info,provider_error,timeline,,False,False,False,"ClientError: 429 RESOURCE_EXHAUSTED. {'error': {'code': 429, 'message': 'You exceeded your current quota, please check your plan and billing details. For more information on this error, head to: https://ai.google.dev/gemini-api/docs/rate-limits. To monitor your current usage, head to: https://ai.dev/rate-limit. \n* Quota exceeded for metric: generativelanguage.googleapis.com/generate_content_free_tier_requests, limit: 5, model: gemini-3.5-flash\nPlease retry in 28.073426373s.', 'status': 'RESOURCE_EXHAUSTED', 'details': [{'@type': 'type.googleapis.com/google.rpc.Help', 'links': [{'description': 'Learn more about Gemini API quotas', 'url': 'https://ai.google.dev/gemini-api/docs/rate-limits'}]}, {'@type': 'type.googleapis.com/google.rpc.QuotaFailure', 'violations': [{'quotaMetric': 'generativelanguage.googleapis.com/generate_content_free_tier_requests', 'quotaId': 'GenerateRequestsPerMinutePerProjectPerModel-FreeTier', 'quotaDimensions': {'model': 'gemini-3.5-flash', 'location': 'global'}, 'quotaValue': '5'}]}, {'@type': 'type.googleapis.com/google.rpc.RetryInfo', 'retryDelay': '28s'}]}}"
v0_B_base_gemini_20260602T153038331377,v0,v0+p67693be0e0ff+t95c0c341a366,base,M02_carryover_timeframe,True,wrong_arg_value,provider_error,lookup,,False,False,False,"ClientError: 429 RESOURCE_EXHAUSTED. {'error': {'code': 429, 'message': 'You exceeded your current quota, please check your plan and billing details. For more information on this error, head to: https://ai.google.dev/gemini-api/docs/rate-limits. To monitor your current usage, head to: https://ai.dev/rate-limit. \n* Quota exceeded for metric: generativelanguage.googleapis.com/generate_content_free_tier_requests, limit: 5, model: gemini-3.5-flash\nPlease retry in 27.415992419s.', 'status': 'RESOURCE_EXHAUSTED', 'details': [{'@type': 'type.googleapis.com/google.rpc.Help', 'links': [{'description': 'Learn more about Gemini API quotas', 'url': 'https://ai.google.dev/gemini-api/docs/rate-limits'}]}, {'@type': 'type.googleapis.com/google.rpc.QuotaFailure', 'violations': [{'quotaMetric': 'generativelanguage.googleapis.com/generate_content_free_tier_requests', 'quotaId': 'GenerateRequestsPerMinutePerProjectPerModel-FreeTier', 'quotaDimensions': {'location': 'global', 'model': 'gemini-3.5-flash'}, 'quotaValue': '5'}]}, {'@type': 'type.googleapis.com/google.rpc.RetryInfo', 'retryDelay': '27s'}]}}"
v0_B_base_gemini_20260602T153038331377,v0,v0+p67693be0e0ff+t95c0c341a366,base,M03_correction_handle,True,wrong_arg_value,provider_error,timeline,,False,False,False,"ClientError: 429 RESOURCE_EXHAUSTED. {'error': {'code': 429, 'message': 'You exceeded your current quota, please check your plan and billing details. For more information on this error, head to: https://ai.google.dev/gemini-api/docs/rate-limits. To monitor your current usage, head to: https://ai.dev/rate-limit. \n* Quota exceeded for metric: generativelanguage.googleapis.com/generate_content_free_tier_requests, limit: 5, model: gemini-3.5-flash\nPlease retry in 27.041995045s.', 'status': 'RESOURCE_EXHAUSTED', 'details': [{'@type': 'type.googleapis.com/google.rpc.Help', 'links': [{'description': 'Learn more about Gemini API quotas', 'url': 'https://ai.google.dev/gemini-api/docs/rate-limits'}]}, {'@type': 'type.googleapis.com/google.rpc.QuotaFailure', 'violations': [{'quotaMetric': 'generativelanguage.googleapis.com/generate_content_free_tier_requests', 'quotaId': 'GenerateRequestsPerMinutePerProjectPerModel-FreeTier', 'quotaDimensions': {'location': 'global', 'model': 'gemini-3.5-flash'}, 'quotaValue': '5'}]}, {'@type': 'type.googleapis.com/google.rpc.RetryInfo', 'retryDelay': '27s'}]}}"
v0_B_base_gemini_20260602T153038331377,v0,v0+p67693be0e0ff+t95c0c341a366,base,M04_clarify_then_url,True,missing_info,provider_error,fetch,,False,False,False,"ClientError: 429 RESOURCE_EXHAUSTED. {'error': {'code': 429, 'message': 'You exceeded your current quota, please check your plan and billing details. For more information on this error, head to: https://ai.google.dev/gemini-api/docs/rate-limits. To monitor your current usage, head to: https://ai.dev/rate-limit. \n* Quota exceeded for metric: generativelanguage.googleapis.com/generate_content_free_tier_requests, limit: 5, model: gemini-3.5-flash\nPlease retry in 26.748192673s.', 'status': 'RESOURCE_EXHAUSTED', 'details': [{'@type': 'type.googleapis.com/google.rpc.Help', 'links': [{'description': 'Learn more about Gemini API quotas', 'url': 'https://ai.google.dev/gemini-api/docs/rate-limits'}]}, {'@type': 'type.googleapis.com/google.rpc.QuotaFailure', 'violations': [{'quotaMetric': 'generativelanguage.googleapis.com/generate_content_free_tier_requests', 'quotaId': 'GenerateRequestsPerMinutePerProjectPerModel-FreeTier', 'quotaDimensions': {'location': 'global', 'model': 'gemini-3.5-flash'}, 'quotaValue': '5'}]}, {'@type': 'type.googleapis.com/google.rpc.RetryInfo', 'retryDelay': '26s'}]}}"
v0_B_base_gemini_20260602T153038331377,v0,v0+p67693be0e0ff+t95c0c341a366,base,M05_correction_limit,True,wrong_arg_value,provider_error,timeline,,False,False,False,"ClientError: 429 RESOURCE_EXHAUSTED. {'error': {'code': 429, 'message': 'You exceeded your current quota, please check your plan and billing details. For more information on this error, head to: https://ai.google.dev/gemini-api/docs/rate-limits. To monitor your current usage, head to: https://ai.dev/rate-limit. \n* Quota exceeded for metric: generativelanguage.googleapis.com/generate_content_free_tier_requests, limit: 5, model: gemini-3.5-flash\nPlease retry in 25.291797672s.', 'status': 'RESOURCE_EXHAUSTED', 'details': [{'@type': 'type.googleapis.com/google.rpc.Help', 'links': [{'description': 'Learn more about Gemini API quotas', 'url': 'https://ai.google.dev/gemini-api/docs/rate-limits'}]}, {'@type': 'type.googleapis.com/google.rpc.QuotaFailure', 'violations': [{'quotaMetric': 'generativelanguage.googleapis.com/generate_content_free_tier_requests', 'quotaId': 'GenerateRequestsPerMinutePerProjectPerModel-FreeTier', 'quotaDimensions': {'location': 'global', 'model': 'gemini-3.5-flash'}, 'quotaValue': '5'}]}, {'@type': 'type.googleapis.com/google.rpc.RetryInfo', 'retryDelay': '25s'}]}}"
v0_B_base_gemini_20260602T153038331377,v0,v0+p67693be0e0ff+t95c0c341a366,base,M06_switch_tool,True,wrong_tool,provider_error,lookup,,False,False,False,"ClientError: 429 RESOURCE_EXHAUSTED. {'error': {'code': 429, 'message': 'You exceeded your current quota, please check your plan and billing details. For more information on this error, head to: https://ai.google.dev/gemini-api/docs/rate-limits. To monitor your current usage, head to: https://ai.dev/rate-limit. \n* Quota exceeded for metric: generativelanguage.googleapis.com/generate_content_free_tier_requests, limit: 5, model: gemini-3.5-flash\nPlease retry in 24.772885455s.', 'status': 'RESOURCE_EXHAUSTED', 'details': [{'@type': 'type.googleapis.com/google.rpc.Help', 'links': [{'description': 'Learn more about Gemini API quotas', 'url': 'https://ai.google.dev/gemini-api/docs/rate-limits'}]}, {'@type': 'type.googleapis.com/google.rpc.QuotaFailure', 'violations': [{'quotaMetric': 'generativelanguage.googleapis.com/generate_content_free_tier_requests', 'quotaId': 'GenerateRequestsPerMinutePerProjectPerModel-FreeTier', 'quotaDimensions': {'location': 'global', 'model': 'gemini-3.5-flash'}, 'quotaValue': '5'}]}, {'@type': 'type.googleapis.com/google.rpc.RetryInfo', 'retryDelay': '24s'}]}}"
